well,barcode
A1,aacgccaa
A2,ccagaaccaa
A3,cggtccaa
A4,aggtaccaa
A5,aggtaaccaa
A6,ctcagcaa
A7,gaaggtaa
A8,ttacctcaa
A9,cttgcagcaa
A10,acgagtcaa
A11,agaaccgcaa
A12,gtcgacca
B1,tgaagccaa
B2,agacgcaa
B3,aaccgccaa
B4,tcgcgaccaa
B5,tctggcaa
B6,gttggccaa
B7,gcagttcaa
B8,agcctggcaa
B9,aattacca
B10,ggtaatgcaa
B11,ataatcca
B12,tgagaagaa
C1,atcggaccaa
C2,tagatcaa
C3,ctgatccaa
C4,cattgaccaa
C5,gttctcaa
C6,tctctccaa
C7,ggtccatcaa
C8,cgcctcca
C9,aggccagaa
C10,tccatatcaa
C11,cgaacgca
C12,catgcagaa
D1,ctgataccaa
D2,aataagcaa
D3,accaagccaa
D4,cagcagaa
D5,cgccagcaa
D6,cgtcagccaa
D7,ttacgctcaa
D8,acgccgca
D9,gcatcagaa
D10,gatgcgca
D11,ataagagaa
D12,gacgcaagaa
E1,tgagagaa
E2,tcggagcaa
E3,taggagccaa
E4,gtctcgaa
E5,gtatagcaa
E6,gtatagccaa
E7,gtacggca
E8,cgctgagaa
E9,ccgtcaagaa
E10,cttcatca
E11,tccatagaa
E12,tcaagaagaa
F1,ggtaggaa
F2,ccaacgcaa
F3,gatacgccaa
F4,ccatggaa
F5,gagccgcaa
F6,tcttatccaa
F7,gcatatca
F8,tagaacgaa
F9,ctccgaagaa
F10,tccgctca
F11,actgacgaa
F12,ggttgaagaa
G1,ggccataa
G2,atcgcgcaa
G3,ttaactccaa
G4,atggataa
G5,tacttgcaa
G6,gccgctccaa
G7,agcagtca
G8,ggcgccgaa
G9,ttggtaagaa
G10,gagcttca
G11,ccgcgcgaa
G12,tggaccagaa
H1,catactaa
H2,ccttatcaa
H3,tgcgaagcaa
H4,ttacctaa
H5,ggtactcaa
H6,taaccagcaa
H7,gcgcaaga
H8,ttattcgaa
H9,tcctcttgaa
H10,ggaatggaa
H11,tctcgcataa
H12,agctaaga